,qual,qualNum,avgInc,percent
,Masters/PhD,71,48091.10,5.24
,Bachelor degree (nvq4),223,37127.33,16.46
,A-level (nvq3),218,32235.77,16.01
,Vocational (nvq1+2),128,24954.60,9.45
,GCSE/O-level,298,27167.30,21.99
,Other,103,20853.91,7.60
,Still in study,5,18699.60,0.37
,No formal qualifications,309,15265.71,22.80
,,,,